{
  "MAE": 0.000227,
  "RMSE": 0.000389,
  "R2": 0.999992
}