{
  "X_min": [
    3.403885092,
    -1.999755255,
    30.76153307,
    1.153818332
  ],
  "X_range": [
    0.16966614700000004,
    0.48278287799999986,
    3.728960520000001,
    0.8815192589999998
  ],
  "y_min": 0.566892852,
  "y_range": 0.43310714800000005,
  "features": [
    "Avg_Voltage",
    "Avg_Current",
    "Avg_Temperature",
    "Capacity"
  ],
  "architecture": [
    4,
    16,
    8,
    4,
    1
  ]
}